timeStamp,elapsed,label,responseCode,responseMessage,threadName,dataType,success,failureMessage,bytes,sentBytes,grpThreads,allThreads,URL,Latency,IdleTime,Connect
1717228474890,734,List Users,200,OK,Thread Group 1-1,text,true,,2359,132,2,2,https://gorest.co.in/public/v2/users,723,0,97
1717228475391,762,List Users,200,OK,Thread Group 1-2,text,true,,2369,132,2,2,https://gorest.co.in/public/v2/users,761,0,107
1717228478577,272,Get User Info,200,OK,Thread Group 1-1,text,true,,1078,140,2,2,https://gorest.co.in/public/v2/users/6919431,272,0,0
1717228479108,246,Get User Info,200,OK,Thread Group 1-2,text,true,,1078,140,2,2,https://gorest.co.in/public/v2/users/6919431,246,0,0
1717228481795,236,Get User Post,200,OK,Thread Group 1-1,text,true,,2169,146,2,2,https://gorest.co.in/public/v2/users/6919431/posts,236,0,0
1717228482294,258,Get User Post,200,OK,Thread Group 1-2,text,true,,2169,146,2,2,https://gorest.co.in/public/v2/users/6919431/posts,258,0,0
1717228484981,286,List Users,200,OK,Thread Group 1-1,text,true,,2369,132,2,2,https://gorest.co.in/public/v2/users,286,0,0
1717228485497,272,List Users,200,OK,Thread Group 1-2,text,true,,2367,132,2,2,https://gorest.co.in/public/v2/users,272,0,0
1717228488216,243,Get User Info,200,OK,Thread Group 1-1,text,true,,1076,140,2,2,https://gorest.co.in/public/v2/users/6919431,243,0,0
1717228488716,245,Get User Info,200,OK,Thread Group 1-2,text,true,,1078,140,2,2,https://gorest.co.in/public/v2/users/6919431,245,0,0
1717228491403,269,Get User Post,200,OK,Thread Group 1-1,text,true,,2173,146,2,2,https://gorest.co.in/public/v2/users/6919431/posts,269,0,0
1717228491902,268,Get User Post,200,OK,Thread Group 1-2,text,true,,2167,146,2,2,https://gorest.co.in/public/v2/users/6919431/posts,268,0,0
1717228494619,286,List Users,200,OK,Thread Group 1-1,text,true,,2367,132,2,2,https://gorest.co.in/public/v2/users,286,0,0
1717228495119,288,List Users,200,OK,Thread Group 1-2,text,true,,2363,132,2,2,https://gorest.co.in/public/v2/users,288,0,0
1717228497854,246,Get User Info,200,OK,Thread Group 1-1,text,true,,1078,140,2,2,https://gorest.co.in/public/v2/users/6919431,246,0,0
1717228498354,237,Get User Info,200,OK,Thread Group 1-2,text,true,,1084,140,2,2,https://gorest.co.in/public/v2/users/6919431,237,0,0
1717228501041,261,Get User Post,200,OK,Thread Group 1-1,text,true,,2173,146,2,2,https://gorest.co.in/public/v2/users/6919431/posts,260,0,0
1717228501541,258,Get User Post,200,OK,Thread Group 1-2,text,true,,2169,146,1,1,https://gorest.co.in/public/v2/users/6919431/posts,258,0,0
